{
  "Name": "Viga Reverb",
  "Version": "0.9.0",
  "Factory Info": {
    "Vendor": "Viga",
    "URL": "",
    "E-Mail": "",
    "Flags": {
      "Unicode": true,
      "Classes Discardable": false,
      "Component Non Discardable": false,
    },
  },
  "Classes": [
    {
      "CID": "56535446523031766967612072657665",
      "Category": "Audio Module Class",
      "Name": "Viga Reverb",
      "Vendor": "Viga",
      "Version": "0.9.0",
      "SDKVersion": "VST 3.7.12",
      "Sub Categories": [
        "Fx",
      ],
      "Class Flags": 0,
      "Cardinality": 2147483647,
      "Snapshots": [
      ],
    },
    {
      "CID": "56534546523031766967612072657665",
      "Category": "Component Controller Class",
      "Name": "Viga Reverb",
      "Vendor": "Viga",
      "Version": "0.9.0",
      "SDKVersion": "VST 3.7.12",
      "Sub Categories": [
        "Fx",
      ],
      "Class Flags": 0,
      "Cardinality": 2147483647,
      "Snapshots": [
      ],
    },
    {
      "CID": "ABCDEF01C0DEF00D4652425646523031",
      "Category": "Plugin Compatibility Class",
      "Name": "Viga Reverb",
      "Vendor": "Viga",
      "Version": "0.9.0",
      "SDKVersion": "VST 3.7.12",
      "Class Flags": 0,
      "Cardinality": 2147483647,
      "Snapshots": [
      ],
    },
  ],
}